title,keywords
How can I see my cashflow analytics?,"cashflow widget, track revolut, tap analytics, timeframe view, total net"
How can I see my spending and income analytics?,"revolut app, view spending, income widget, analytics budgeting, insights tap"
How can I see my total wealth analytics?,"revolut custom, overview assets, analytics total, liabilities tap, investment tax"
How do I add a custom asset to my total wealth view?,"asset total, edit custom, tap add, value refresh, analytics app"
How to assign and adjust categories,"transaction category, assigns category, update payments, change manually, analytics screen"
Create and manage custom categories for transactions,"category transactions, custom categories, delete custom, tap manage, confirm create"
How does sorting to investments work?,"investments sort, wealth exchanging, exchange fees, revolut com, faqhttps help"
How are trips defined for travel analytics?,"trips transaction, using revolut, travel analytics, start date, country understanding"
How can I see my travel analytics?,"revolut trips, analytics revolut, visualise countries, spending accessed, analytics dashboard"
How does travel mode work?,"travel mode, revolut app, spend enabled, widget appears, esim"
Using the Income Sorter feature,"income sorter, automatically organises, set payday, isa account, tap disable"
What is the analytics dashboard?,"analytics dashboard, revolut app, track spending, widget income, financial insights"
Why wasn’t my income sorted?,"income sorter, transfers revolut, deposit limits, account exclusions, pockets inactive"
How does Bulgaria adopting the Euro affect me?,"currency bulgarian, adopting euro, bulgaria adopting, discontinuation bgn, 2025 lev"
What is Open Banking and how does it work?,"open banking, revolut access, tpps use, secure methods, customer data"
How will the account transition affect returns/chargebacks?,"chargebacks change, transition revolut, affect returns, process returns, occurred account"
Are funds in my  independent teen account FSCS protected?,"fscs savings, protected funds, revolut com, deposits bank, independent teen"
Can I keep my e-money account?,"moved revolut, close account, account qualifying, uk bank, corner app"
Does the account transfer impact my plan insurance cover?,"insurance change, ultra cover, uk409992764 updated, number metal, plan group"
How will I know when my account has been moved?,"moved revolut, account moving, account bank, notification account, let know"
Is my account eligible to be moved to Revolut Bank?,"moved revolut, migrated account, eligible countries, account customers, guernsey jersey"
Is the money in my Savings account protected by the FSCS?,"fscs savings, protected money, bank revolut, limit applies, service compensation"
"Now that Revolut is a bank, how is my money protected?","protect revolut, account balances, money regulations, fscs information, compensation max"
What do I need to do to move my account to a bank account?,"account bank, uk revolut, closing account, money personal, moved opt"
What happens to my data while my account is being moved?,"moved revolut, bank controller, data account, customer privacy, happens"
What will happen to my account when it’s moved?,"moved revolut, account terms, fscs protection, eligible deposits, uk personal"
What will happen to my Joint account?,"joint account, moved revolut, account closure, migration joint, like personal"
Who regulates Revolut Bank and where can I complain?,"regulate revolut, fca regulate, pra fca, bank complain, authority registration"
Why is Revolut becoming a bank in the UK?,"fscs protection, revolut bank, licence uk, deposits value, services compensation"
Will my account be at risk while it's being moved over?,"account revolut, moving account, fraud risk, risk moving, app notifications"
Will my account details change after my account is moved?,"account moved, details revolut, bank address, bic remain, code iban"
Will my fees and charges change now that Revolut is a bank?,"changes fees, bank fees, revolut bank, account moved, charges remain"
Will Revolut Bank have physical branches?,"revolut app, branches revolut, digital service, physical branches, bank"
Will the account transition have any tax implications?,"moving revolut, tax implications, account transition, customs hmrc, identification number"
Will this affect my other Revolut products?,"affect revolut, products changes, account moved, joint accounts, terms kids"
Why didn't I get a bank account when I signed up?,"account transitioned, ready bank, uk customers, fscs protection, timeline ensures"
Will my hardware be affected by the account transition?,"transition hardware, revolut, devices terms, affected account, terminals pos"
Will the transition affect my Pro products and services?,"revolut pro, current account, account acquiring, products services, transition affect"
Why is my balance now negative?,"negative balance, delayed payment, revolut paid, merchant happens, transactionsrevolut app"
Add money in one tap,"app revolut, adding money, tap transfer, easy bank, faster pre"
Add money with a bank transfer,"transfer revolut, adding money, external account, bank app, instructions add"
Add money with an easy bank transfer,"transfer revolut, adding money, easy bank, topuprevolut app, possible cancel"
Get paid early with Early Salary,"salary early, salaries revolut, app revolut, day payday, timeframes fees"
Card deposit limits and fees,"revolut fees, card deposits, limits fees, switzerland account, reach limit"
How to make cash deposits,"cash deposits, apple pay, option make, uk https, discontinued 13"
Disruptions to adding money with Visa cards,"money revolut, using visa, pay adding, cards changes, card declined"
Receiving money to my Revolut card,"revolut card, card transfer, inbound transfers, paypal paysend, 30 minutes"
How to add money with a card,"adding money, failed card, revolut com, topuprevolut app, apple pay"
Add money with Apple Pay or Google Pay,"add revolut, app topup, card deposits, set currency, apple payhttps"
Auto top-ups,"app revolut, topup method, currency saved, set auto, card expired"
Manage my deposit cards,"revolut app, deposit cards, verifying deposit, add money, delete card"
My card deposit didn't work,"deposits revolut, failed card, apple pay, refund timeframes, contacting external"
Restricted card deposits,"card revolut, new restrictions, deposit methods, movement money, india accounts"
Ukraine card top-up limits,"visa revolut, card limits, limit ukraine, money movement, topping using"
Why was my top-up reverted?,"bank revert, blocked revolut, revolut card, disputed charge, account topped"
Cards and currencies supported for adding money,"currencies supported, card revolut, adding money, brands mastercard, pay jcb"
Why your card top-ups may be blocked,"deposits blocked, revolut customers, previous payment, card apple, decline reasons"
Requesting money with a payment link,"link payment, revolut app, requesting money, revtag request, expires long"
How to split a bill with another Revolut customer,"splitting bills, revolut customer, contacts receive, just tap, adjust individual"
Am I covered by Ultra trip cancellation protection if I need to cancel a flight while abroad?,"cancellation protection, travel insurance, interrupted trips, ultra trip, cover flight"
Am I covered for trips or events that I didn't purchase with my Revolut account with Ultra trip and event cancellation protection?,"purchase revolut, covered trips, ultra plan, event cancellation, unless purchased"
Ultra trip & event cancellation with companion coverage,"cancellation protection, companion expenses, ultra trip, policyholder buy, use tickets"
How do I get an update on my existing claim?,"claim qover, revolut doesn, cover contact, check existing, cancel reason"
Cancel for any reason complaints,"complaint qover, cancel reason, insurance select, email mediation, policy wording"
How do I make a cancel for any reason protection claim?,"claim revolut, insurance trip, reason protection, event cancellation, qover"
My supplier won’t let me cancel my trip/event. Am I covered with Ultra trip and event cancellation protection?,"cancellation protection, insurance trip, ultra trip, booking reason, supplier refused"
Does moving home affect Ultra trip and event coverage?,"insurance trip, address revolut, change country, primary residence, does moving"
Will I get a full refund for my trip or event cancellation?,"revolut cancel, 100 reimbursement, prior trip, contact qover, specifically covered"
What are the limits of cover and deductibles?,"limits deductibles, revolut qover, cancellation reason, costs trips, regarding cover"
Getting started with cancel for any reason protection,"cancellation protection, revolut ultra, reason insurance, qover com, trip costs"
Documents needed for an Ultra trip and event cancellation protection claim,"claim ultra, supporting documents, event cancellation, trip specific, details accident"
What is a trip?,"insurance trip, reason cancellations, context ultra, location 100km, revolut stays"
What is an event?,"event cancellation, insurance trip, ultra plan, revolut app, protection refers"
Who provides Ultra trip and event cancellation protection?,"insurance ultra, trip cancellation, qover, wakam responsible, customers"
How do I link an external account to Revolut?,"revolut account, external banking, transfer timeframes, tap add, problems linking"
Manage my external linked accounts in Revolut,"revolut unlink, accounts revolut, external account, revoke analytics, analytics budgeting"
Can I accept multiple paid plan gifts?,"gifts revolut, expire redeem, multiple paid, year accepted, plan duration"
Gifting a paid plan,"revolut friend, paid plan, price gifted, 18 years, metal ultra"
How to share your birthday on Revolut,"birthday revolut, birthday sharing, revolut sharing, friends share, disable toggle"
Receiving paid plan gifts,"gifts plan, revolut com, paid refund, annual billing, app privacy"
Sending paid plan gifts,"gift revolut, gift plan, paid plan, send maximum, friend year"
What happens once the gifted paid plan duration ends?,"switched premium, plan expires, gift duration, gifted plan, benefits depending"
Earning interest with Savings,"aer savings, rates different, payable gbp, accounts clearbank, explained instant"
Getting started with Savings,"revolut savings, resident gbp, minimum deposit, accounts clearbank, usd eligibility"
How to calculate interest on Savings accounts,"gbp savings, accounts revolut, balances calculated, accrual example, compounded daily"
How is interest calculated on tiered Instant Access Savings?,"tiered rate, savings balance, eur investec, convert aer, calculation example"
Rate decrease on my Instant Access Savings,"rate decreasing, gbp instant, clearbank savings, revolut plan, boe announced"
Why is my withdrawal pending?,"revolut account, withdrawal pending, investec bank, bank credit, allica"
Savings Challenge,"savings challenge, revolut app, month prize, week means, aer ultra"
Instant Access Savings promotion,"revolut savings, promotion instant, account period, 2026 expiry, aer variable"
Tax on Savings,"savings revolut, withhold tax, income earned, adviser questions, app statement"
How are the funds in my Savings accounts protected?,"revolut safeguard, savings vaults, clearbank gbp, accounts deposits, fscs limit"
Why was my Savings Accounts restricted or closed?,"closed savings, account restricted, revolut com, deposits withdrawals, 30 days"
Add money to your savings account,"recurring deposits, revolut currency, set savings, add money, tap save"
Close my Savings account,"close savings, revolut mobile, account handling, balance immediately, moved current"
Withdraw from your Savings account,"withdraw savings, revolut mobile, currency account, balance tap, transfer screen"
Documents and statements for my Savings accounts,"account documents, savings tap, statement closed, cs app, choose timeframe"
Cover for cancelled and interrupted trips,"insurance trip, cancellation metal, refundable costs, ultra plan, revolut com"
Do I have to pay for my trip using my Revolut account?,"using revolut, covered trip, transfers airport, faqentrypoint, remain active"
Claiming after Premium travel insurance removal,"chubbtravel revoluttravelclaims, travel insurance, insurance removal, premium plan, cut date"
Does moving home impact my travel insurance?,"insurance travel, address revolut, change country, primary residence, does moving"
Travel insurance coverage,"travel covered, chubb revolut, ultra plan, insurance tap, 90 days"
Travel insurance for areas affected by conflict,"revoluttravelinsurance chubb, conflict area, emergencies abroad, cancellation fcdo, cover doesn"
Close a Pocket,"close pocket, balance close, revolut app, pocket money, unlink cards"
How do I manage a Group Pocket?,"group pocket, revolut account, management permissions, spare change, tap add"
Adding money to Pockets,"revolut app, spare change, recurring transfer, group pockets, multiplier tap"
Withdrawing from Pockets,"pockets withdraw, tap withdraw, pocket app, accounts choose, app admin"
Spare change round ups,"spare change, round transactions, revpoints rounding, revolut fees, currency pln"
I can't find my Vaults,"vaults revolut, revolut app, savings account, pockets faqs, change risk"
How to link a card to a Pocket and manage it,"pocket linked, unlink card, cards linked, card scroll, select cash"
Getting started with Pockets,"personal pockets, tap accounts, short term, tools create, instructions types"
What if I don't have enough money in my bills Pocket?,"pocket transaction, hours payment, fail direct, subscriptions add, doesn charge"
What is Revolut Pay?,"payments revolut, earn revpoints, button confirming, app person, safely meaning"
How to withdraw cash from an ATM,"withdrawal atm, revolut com, virtual card, fees limits, learn faq"
Fees for cash withdrawals,"withdrawal fees, revolut com, atm unsure, currency exchange, limit upgrading"
My card payment is pending,"payment pending, reversal date, app revolut, blocked funds, days merchant"
How to disable RevPoints spare change?,"revpoints spare, using revolut, change disable, coffee gbp, air miles"
Why did my payment amount change?,"payment change, cost uber, merchants things, updates usually, addition tip"
Fees for card payments in a foreign currency,"exchange fees, spend withdraw, weekends check, standard 000, premium metal"
Setting a monthly spending limit,"spending limit, setting monthly, card payments, declined card, merchant registered"
How do regulatory limits affect my usage?,"payments contactless, need confirm, directive psd, transaction reset, regulatory limits"
Am I eligible for Apple Pay?,"countries apple, pay country, apple pay, revolut cards, eligibility"
Am I eligible for Google Pay?,"pay country, countries google, stores eligibility, compatible google, slovenia spain"
Payment limits when using Apple Pay or Google Pay,"limit revolut, apple pay, merchants contactless, payments based, monthly spending"
Decline reasons on Apple Pay and Google Pay,"declined card, card apple, google pay, reasons apple, frozen app"
Setting up Apple Pay,"apple pay, setting apple, redirected revolut, tap confirm, verification method"
Setting up Google Pay,"revolut app, google pay, setting google, card isn, verification method"
Where can I pay with Apple Pay or Google Pay?,"apple pay, pay online, payment terminal, online offline, supports contactless"
How do I block and unblock a merchant?,"unblock merchant, revolut app, previous payment, transactionsrevolut, apple subscriptionshttps"
What currencies are supported for spending?,"supported currencies, use revolut, withdrawals mastercard, nzd omr, aed afn"
Card payment fees and limits,"using revolut, fees limits, currency charge, payments withdrawals, card weekly"
Card verification and pre-authorisation,"card verification, pre authorisation, revolut com, reversal date, pay apple"
What is Dynamic Currency Conversion (DCC)?,"atm currency, revolut com, charged different, conversion dcc, thailand choose"
Which merchants are not supported by Revolut?,"merchant category, supported revolut, fee age, payments withdrawals, exchange foreign"
What is a virtual card?,"virtual card, payments apple, revolut, regenerates use, getting declined"
My virtual card is not working,"virtual card, refunds revolut, contactless allowed, asks pin, hours single"
Problems with my card PIN,"pin atm, revolut mobile, unblock card, code digit, cvv use"
Why was my card payment declined if I have enough funds?,"payment declined, app revolut, currency card, merchant subscription, low balance"
What is 3D Secure?,"secure 3ds, authorisation revolut, merchant trusted, push notification, aren"
Delayed (offline) card payments,"delayed transaction, app revolut, duplicate charges, offline card, causes balance"
Where can I use my Revolut card?,"use revolut, card country, declined countries, belarus crimea, zimbabwe spending"
Am I eligible for Click to Pay?,"click pay, supported countries, eligible, disposable cards, 18 years"
How do I add cards to Click to Pay?,"card click, pay revolut, tap add, linked wallets, settings security"
How can I remove my card from Click to Pay?,"remove card, click pay, linked wallets, card wallet, remove linked"
What is Click to Pay?,"click pay, method payment, merchants benefits, supported mastercard, online stores"
Why is my card added to Click to Pay not shown at checkout?,"card revolut, merchant checkout, pay added, linked click, email mobile"
Declined card payment isn't visible,"declined card, payments troubleshooting, visible transactions, card damage, revolut com"
My card payment was declined by the security system,"frozen card, payment declined, merchant retry, revolut app, security transaction"
What is the location-based security feature?,"location based, feature revolut, based security, settings security, card stolen"
My card payment was declined,"declined payment, app revolut, payment visible, card damage, merchant technical"
Why has my card payment been reverted?,"reverted payment, transaction state, means merchant, app delayed, didn claim"
Report a card payment as a scam or fraud,"report payment, fraudulent tap, app revolut, card terminated, does chargeback"
Card security settings,"revolut card, limit contactless, security settings, block cash, payments reset"
Freeze a card,"freeze revolut, unfreeze card, merchant help, lost card, prevents unauthorised"
How to cancel a dispute,"dispute cancel, dispute tracker, revolut com, transactionsrevolut app, merchant check"
Dispute a card payment,"dispute card, revolut app, refunds wrong, merchant faster, payment contact"
Dispute process and timelines,"dispute process, chargeback, revolut com, mastercard transactions, 45 days"
Update on my chargeback case,"dispute revolut, chargeback timeframes, case update, wait outcome, app check"
Problems with a refund,"refund waiting, revolut card, closed account, merchant processing, funds means"
Revolut Chrome Extension,"revolut chrome, revolut shopper, shopper create, virtual card, extension installed"
How to withdraw a foreign currency,"currency withdraw, local atm, revolut cards, supports visa, use physical"
Limits for using my card abroad,"exchanges limits, withdrawing withdraw, card abroad, 000 currency, hour period"
Tips for spending in a foreign currency,"exchange fees, revolut local, currency account, spending abroad, allowance make"
What currency will I be charged in?,"currency paying, revolut determines, balances order, declined transactions, faq make"
Manage subscription payments to merchants,"merchant subscription, blocking subscription, app revolut, payments cancel, tap unblock"
Report a fraudulent ATM withdrawal,"fraudulent atm, revolut app, withdrawal don, report payment, freeze tap"
When does my ATM withdrawal limit reset?,"withdrawal limits, limit resets, does atm, reset date, rolling monthly"
Why is my ATM withdrawal pending?,"withdrawal pending, revolut app, reversal date, atm, transactionsrevolut"
Why was my ATM withdrawal declined?,"declined withdrawal, app revolut, atm, reverted means, faqentrypoint question"
Activate a physical card,"activate revolut, card activation, physical card, physical revolut, security contactless"
Reactivate a card,"card reactivate, terminated revolut, apple pay, frozen blocked, 30 days"
I can't add my card to Apple Pay,"apple pay, verified cards, revolut security, merchant refund, number different"
My card was stolen. What should I do?,"card lost, revolut app, paying apple, tap replace, kids teens"
The name on my card is incorrect,"revolut cards, shortened initial, card incorrect, names removed, proceed change"
Why is my Apple Pay card number different from my Revolut's?,"revolut card, number apple, apple pay, payment terminal, security reasons"
My card has been swallowed by an ATM,"card swallowed, card atms, transactionsrevolut app, reversal status, tap freeze"
Why aren’t my contactless payments working?,"contactless payments, revolut com, card damaged, resetting limit, doesn work"
My single-use virtual card isn't working,"virtual card, single use, refunds revolut, different verification, asks pin"
My physical card isn't working,"card revolut, failed transaction, paying apple, damaged physical, troubleshooting tips"
What should I do if my card is expiring soon?,"card expiring, revolut mobile, shipping replace, date replace, 28 days"
Can I cancel or edit a card order?,"cancel order, revolut mobile, card order, edit card, address tap"
Can I choose between Mastercard and Visa?,"brand mastercard, physical cards, revolut app, choose virtual, visa order"
Maximum active cards,"active cards, card limit, account virtual, maximum, expiration month"
What are the fees for ordering a card?,"card fees, ordering card, standard plus, metal gbp, delivery customisation"
Creating a virtual card,"virtual card, revolut mobile, instantly create, brand app, debit joint"
I ordered a card and it didn't arrive,"ordered card, number tracking, days process, missing apartment, metal ultra"
Card customisation,"card customisation, revolut com, prohibited rejected, app ordered, apple wallet"
How does the Clear Sky debit card support Ukraine?,"sky debit, card revolut, unhcr aims, support ukraine, does clear"
Order a physical card,"ordering card, mastercard changed, revolut app, premium metal, fees standard"
How do I get the Clear Sky debit card?,"sky card, ordered revolut, donation clear, ukraine, uk unhcr"
What is a special edition card?,"card special, edition cards, special edition, available limited, version app"
What card brands and types can I get?,"maestro cards, brands types, offer visa, unionpay paypal, cirrus discover"
Finding the card PIN,"pin revolut, card pin, pin virtual, finding card, settings tap"
Linking an existing card,"card linking, revolut account, existing card, tap add, entity swiss"
Can I order my card to a different address?,"card revolut, order card, address physical, country delivery, delivered different"
How do I use a Revolut virtual card?,"virtual card, use revolut, wallet faq, paying apple, single use"
I received a card that I had marked as undelivered,"card undelivered, use card, replacement physical, revolut com, destroy original"
I found my lost card,"card reactivate, revolut card, lost card, contacting app, lost"
My card has been used fraudulently,"payments revolut, stolen card, payment fraudulent, claim replace, temporarily freeze"
Glossary of onboarding terms,"restricted investor, high net, uk income, glossary onboarding, assets purpose"
Manage scheduled transfers,"scheduled transfers, revolut app, transactionsrevolut, delete scheduled, pause deactivate"
More help with a scheduled transfer,"transfer cancel, app revolut, tap transfer, scheduled payments, date track"
Schedule a transfer,"scheduled transfers, app revolut, frequency fees, payments tab, recipient tap"
Cash withdrawal limits and fees,"revolut fees, withdrawal limits, metal ultra, exchanges weekend, convert time"
Getting started with Pet Insurance,"revolut pet, pet insurance, benefits including, vets complementary, act 1991https"
How do I make a protection insurance claim?,"claim qover, protection refund, claim file, revolut app, purchase insurance"
What's the excess for purchase insurance claims?,"claims excess, revolut purchase, purchase insurance, return protection, qover com"
Submitting documents for a purchase insurance claim,"qover documents, purchase insurance, protection event, revolut app, invoice damaged"
Is my mobile device covered by Revolut purchase protection?,"covered revolut, purchase protection, contact qover, incident mobile, month period"
Getting started with purchase insurance,"insurance revolut, purchase protection, does refund, disruptions items, metal ultra"
What's not covered under purchase insurance?,"covered purchase, qover revolut, insurance doesn, incidents read, exclusions explained"
What items are eligible for purchase insurance?,"insurance purchase, revolut qover, account examples, items excluded, precious coins"
Getting an update on an everyday protection claim,"claim qover, claims contact, revolut doesn, everyday protection, contact details"
Who provides Revolut's everyday protection insurance?,"revolut insurer, qover com, everyday protection, chubb european, purchase refund"
Purchase protection coverage,"purchase protection, revolut qover, eligible claim, coverage cost, metal ultra"
Refund protection coverage,"refund protection, revolut qover, maximum coverage, belgium eligibility, 90 days"
Event ticket cancellation protection coverage,"cancellation protection, reimbursed event, revolut qover, insurance trip, tickets ultra"
Getting started with travel insurance,"insurance travel, using revolut, included benefit, automatically activated, metal ultra"
What is the excess for travel insurance claims?,"claims excess, revolut travel, depending benefit, example overseas, chubb"
Trips covered by travel insurance,"insurance trip, revolut metal, ultra plan, maximum durations, chubb read"
Why is my travel insurance coverage ending?,"insurance age, revolut travel, coverage ending, chubb claims, limit 76"
Submitting documents for a travel insurance claim,"chubbtravel revoluttravelclaims, medical documents, documents chubb, insurance claim, confirmation airlines"
How can I view my travel insurance policy documents?,"revolut app, travel insurance, policy documents, insurance tap, screen search"
How do I get an update on my existing claim?,"chubbtravel revoluttravelclaims, existing claim, revolut app, chubb contact, contact provider"
How do I make a travel insurance claim?,"chubbtravel revoluttravelclaims, insurance claim, helpline open, emergencies abroad, sedgwick com"
Emergency medical assistance abroad,"chubb assistance, abroad illness, insurance number, emergency medical, revolut com"
Cover for car hire excess,"rented car, excess insurance, coverage revolut, metal ultra, eligibility criteria"
Cover for delayed trips,"revolut travel, cover delayed, ultra plan, time expenses, contact chubb"
"Cover for damaged, lost, or delayed baggage","delayed baggage, travel insurance, chubb revolut, cover damaged, covered maximum"
Cover for medical expenses abroad,"overseas cover, travel medical, chubb revolut, medical expenses, emergency dental"
Cover for sports and activities,"insured travelling, cover sports, revolut chubb, activities canoeing, bike uk"
Who is covered by travel insurance?,"covered travel, revolut account, eligibility requirements, 18 years, metal ultra"
Who is Revolut's travel insurance provider?,"revolut travel, insurance metal, ultra customers, chubb, european group"
How do I cancel my Pet Insurance policy?,"cancel pet, pet insurance, insurance app, policy confirm, tap plan"
How to make a Pet Insurance claim,"email petclaims, revolut app, assessed insurance, time needed, davies group"
Pet Insurance payments and renewals,"renewals pet, insurance payments, revolut app, month cover, change plan"
How do I complain about my pet insurance?,"contact revolut, financial ombudsman, using complaints, pet insurance, org uk"
How can I view or manage my Revolut Pet Insurance policy?,"revolut pet, policy cancel, insurance select, view manage, payments claim"
Free 24/7 FirstVet Video Consultations,"firstvet revolut, firstvet video, video consultations, speak vet, pet sick"
Who are Revolut Pet Insurance?,"revolut pet, based london, tis registered, insurance distribution, conduct authority"
What are the main pet insurance policy conditions I should be aware of?,"pet insurer, policy conditions, microchipped breeds, akita akita, prohibited type"
Can I cancel an Airport Fast Track pass? ,"cancel pass, cancellations refunds, fast track, lane booked, revolut app"
How do I purchase an Airport Fast Track pass?,"buying passes, revolut app, pass revpoints, fast track, companions airport"
How do I use my airport fast track pass?,"track pass, airport fast, revolut app, revpoints menu, qr codes"
Reasons you can trust Revolut,"revolut legitimate, bank uk, authority fca, countries use, checks biometrics"
Can I contact Revolut using a Power of Attorney?,"donor poa, contact revolut, access account, citizens advice, obtain power"
Media enquiries,"media enquiries, revolut com, enquiries write, media revolut, write"
Revolut Business,"revolut business, manage finances, close account, virtual cards, fast settlement"
Work at Revolut,"work revolut, fintech companies, careers, passionate culture, time hobby"
Difference between limited and full access to the web app,"access revolut, freezing card, difference limited, web app, transactional features"
Does Revolut offer services in Russia?,"does revolut, services russia, ukraine response, international regulatory, currently"
Reporting vulnerable circumstances to Revolut,"vulnerable circumstances, impairment financial, revolut com, finances interactions, alcoholism gambling"
How do I share feedback with Revolut?,"feedback revolut, share feedback, suggestion email, contact share, products tailored"
I lost access to a device my passkey is stored on,"passkey stored, revoke passkey, device lose, account revoke, browser cloud"
How can I file a complaint?,"complaint formalcomplaints, revolut customer, report fraud, app form, faq faqentrypoint"
Learn about my rights when making payments in Europe,"payments europe, leaflet rights, rights payments, commission produced, lithuanian languages"
Public Figure Check - More Information,"public figure, sibling law, step parents, governing bodies, function international"
What is my tax residence?,"tax residence, status country, country oecd, work criteria, crs implementation"
What happens if the Revolut account holder passes away?,"revolut_en__bereavement_form, happens revolut, death certificates, account closure, registrar depending"
Which Revolut companies provide me with services?,"revolut services, insurance provided, customer privacy, data controller, qover sa"
How can I improve my financial health?,"financial health, improve money, debt testhttps, www stepchange, check practical"
How can I share sensitive information with Revolut?,"revolut understand, sharing circumstances, confidential vulnerability, affecting finances, 252fwhat gambling"
Support if you are experiencing financial difficulties,"advice servicehttps, financial difficulties, moneyhelper org, support groups, charities organisations"
What gambling support is available?,"gambling helpline, test gamcare, organisations support, contact adictel, worried spend"
Where can I get help and advice on financial abuse?,"abuse helpline, financial abuse, men advice, support portugal, financial domestic"
Where can I get help if I'm worried about my mental health?,"health helplines, advice support, uk mental, help worried, samaritans org"
When will Revolut credit be available in my country?,"revolut credit, countries credit, available country, loans australia, apply personal"
What is Revolut Pro and is it free?,"revolut pro, cashback business, self employed, transaction fees, partnerships benefits"
Cancel a transaction on the Revolut Terminal,"cancel transaction, transaction revolut, revolut terminal, tap refund, terminal cancel"
Cards and contactless payments with Revolut Terminals,"payments revolut, revolut terminals, accept mastercard, terminal approved, aud cad"
Failed payments on the Revolut Terminal,"failed payments, revolut terminal, limit pin, troubleshooting ask, reasons common"
How do I order a Revolut Terminal?,"revolut terminal, order terminal, purchase device, account faq, colour tap"
How do I log in to my Revolut Terminal?,"revolut terminal, account steps, location entering, pin code, create security"
eSIM on Revolut Terminals,"esim revolut, connectivity esim, mobile data, updates activate, terminal connected"
I'm having trouble using my Revolut Terminal,"revolut terminal, trouble using, payments advise, active connection, terminal reasons"
Sales using a Revolut Pro product catalogue,"catalogue revolut, product create, sales using, manage tax, editing payment"
Edit the time on my Revolut Terminal,"change time, time revolut, revolut terminal, terminal change, display formats"
Warranty on Revolut Terminals,"warranty revolut, revolut terminals, refund cost, device period, terminal lite"
What are Revolut Terminals?,"revolut terminals, apple pay, physical card, visa maestro, esim types"
When will I receive my Revolut Terminal?,"revolut terminal, terminal shipped, delivery updates, business day, pro account"
Failed payment on Tap to Pay on iPhone,"tap pay, accepting contactless, revolut business, bank refused, iphone performance"
Can I accept payments with Revolut Pro?,"payments revolut, pay iphone, accept types, pro selling, iphone physical"
How much does it cost to accept payments with Revolut Pro?,"payments revolut, chargeback fees, processing fee, legal pro, sale rate"
What are Payment Links and how do I use them?,"payment links, revolut com, fees creating, personal visa, channel email"
When do payments arrive in my Pro account?,"settlement time, payments arrive, revolut com, pro payment, account waiting"
Install the Shopify plugin for Revolut Pro,"install shopify, plugin revolut, revolut payment, authorise integration, app pro"
Revolut Pro invoices,"refund invoice, revolut app, cancel payment, payment requests, expired action"
Warranty on the Revolut Reader,"warranty revolut, revolut reader, return device, 30 days, reader"
What is Revolut Reader and how do I use it?,"revolut reader, contactless payments, fee transaction, instructions read, pro use"
Using Tap to Pay on iPhone to take payments,"iphone payments, revolut com, select tap, mastercard visa, contactless symbol"
Why should I accept payments with Revolut Pro?,"payments revolut, payment tools, pro account, iphone shopify, tools choose"
How do I add funds to my Pro account?,"revolut pro, add funds, payment method, time transfer, method tap"
How to close a Revolut Pro account,"close revolut, closing account, pro account, send remaining, cashback sales"
Difference between Revolut Pro and Revolut Business,"difference revolut, pro account, solutions cashflow, features businesses, approval workflows"
How to set up Direct Debits in Pro,"direct debits, revolut pro, pro direct, account details, balance cover"
What features are available with Revolut Pro?,"revolut pro, earning cashback, work account, separate iban, payments settle"
How do I move money out of my Revolut Pro account?,"revolut app, pay transfer, external account, money personal, pro tap"
Order a Revolut Pro card,"revolut pro, tap card, liechtenstein luxembourg, eea excluding, geo redirect"
How does Revolut Pro cashback work and how can I boost it?,"boost cashback, does revolut, monthly revenue, rate revert, using pro"
Pro account under review or payments not working,"pro account, payments working, proof business, review progress, restrictions"
How can I redeem my Pro Perks offers?,"redeem pro, perks offers, active revolut, activate review, section select"
What is Pro Perks?,"pro perks, hub revolut, curated discounts, essential, account access"
What are Pro Pockets?,"pro pockets, tax pocket, revolut pro, money vat, sub accounts"
Why was my document not accepted for Revolut Pro?,"document accepted, revolut pro, professional qualification, activity business, geolink google"
Why was my URL not accepted for Revolut Pro?,"url accepted, revolut requires, account activation, linked business, profile mobile"
Where can I find my Revolut Pro account in-app?,"revolut app, account app, pro account, menu tap, generate statements"
Who can use Revolut Pro and how do I get started?,"revolut pro, registration business, ventures use, freelancers hustlers, small solo"
Accessing the Retail Web App,"revolut passcode, push access, account limited, factor 2fa, retail web"
What features are supported on the Web App?,"revolut retail, account details, freezing cards, web app, features limited"
Security and data privacy,"revolut customer, uab separate, data privacy, national id, migration local"
How do I close my account?,"revolut¹ close, close account, account app, balance zero, plan fees"
Getting started with AIR,"use revolut, air ai, subscriptions exploring, helps understand, rita disclaimer"
Getting started with Revolut,"revolut eligibility, account cost, verifying identity, trading crypto, kids teens"
How to contact Revolut Support,"revolut support, app calls, ultra chat, tap metal, lost device"
Joint account card payments,"joint account, revolut app, withdraw account, card use, plan limits"
Managing joint account ownership,"joint account, revolut com, holder unable, decisions relation, passes away"
I want to close my Joint account,"account close, joint account, revolut app, deactivate cards, holders withdraw"
Your Joint account statement,"joint account, account statements, statement download, tap generate, decide close"
Adding money to a Joint account,"revolut account, adding money, joint account, details app, revert making"
Setting up a Joint account,"joint account, revolut com, requirements opening, bank uab, revpoints faqs"
Joint account transfers,"transfers revolut, joint account, send bank, receive salary, app payments"
Order a Joint account card,"card revolut, joint account, needs order, tap physical, cost ultra"
Getting started with Joint Savings,"revolut savings, joint account, gbp joint, tap add, getting started"
What happens if my joint account balance goes negative?,"negative balance, joint account, revolut services, payment delayed, happens"
Revolut closed my joint account,"joint account, account conditions, revolut closed, conditions closing, verification checks"
Difficulty logging in,"revolut account, number guidance, change passcode, difficulty selfie, log issues"
Change passcode,"passcode revolut, revolut mobile, account change, identity selfie, tap forgot"
I lost access to my passkey,"revolut passcode, revoke passkey, lost access, 2fa factor, apple google"
Duplicate account,"account duplicate, revolut 18, personal business, close mobile, countries faq"
Log in with a new phone number,"revolut app, number change, account tap, passcode selfie, lost access"
Lost or stolen device,"app revolut, device lost, help secure, change passcode, identity selfie"
Sign in with face ID or fingerprint,"revolut app, ios biometrics, app authorising, enable face, fingerprint enhance"
What are passkeys?,"passkeys, securely apple, revolut app, icloud google, collaboratively developed"
Download your account confirmation,"confirmation documents, iban account, wallet reference, code bic, date birth"
Download an account statement for a specific currency,"currency statement, revolut app, details account, code bic, copy documents"
How to download a card confirmation document,"confirmation documents, document revolut, download card, revolut mobile, cardholder personal"
Download a cryptocurrency statement,"cryptocurrency statements, revolut app, download cryptocurrency, transactions download, copy documents"
Documents for a closed account ,"revolut app, documents closed, account statement, passcode, tap lost"
Get a Pockets statement,"pockets statement, currency account, generate account, tap export, pdf excel"
Download transaction or top-up statement,"statement download, revolut com, transactions specific, plan fee, number iban"
Download statement of fees,"fees statement, revolut kids, account refunded, electronically generated, copy documents"
How to download a subject access request document,"requested documents, subject access, revolut account, details digits, expiry date"
How can I download trading statements and reports?,"trading statements, app revolut, information account, requested documents, costs charges"
Why are my statement balance and in-app balance different?,"statement balance, revolut com, check currency, transactions app, update app"
What is the consolidated statement?,"consolidated statement, download revolut, tax information, understand declare, requirements use"
Cancelling your scheduled plan downgrade,"plan downgrade, cancelling scheduled, revolut app, break fees, refund ending"
Downgrading your paid plan,"plan downgrade, revolut app, paid plans, specific card, refunds paid"
Paid plan downgrade fees ,"downgrade fees, fee paid, refund subscription, revolut com, months plan"
Changing your paid plan billing date,"changing paid, billing date, reset billing, downgrade plan, revolut com"
Managing your paid plan billing,"revolut app, plan billing, managing paid, details tap, annual switch"
Pay for your missed plan payment,"missed paid, payment settle, revolut com, plan fees, subscription downgrade"
Your paid plan subscription end date,"end date, paid plans, downgrade monthly, renews automatically, revolut com"
Next payment date for your paid plan,"payments month, plan billing, revolut com, plan view, yearly learn"
Paid plan payment status,"revolut app, payment status, transaction view, plan fee, details download"
Chess.com,"subscribed platinum, access chess, membership ultra, revolut com, plan benefits"
ClassPass,"classpass metal, gym credits, ultra customers, revolut app, access benefit"
Financial Times,"times subscription, firstft newsletter, revolut benefit, ft com, metal ultra"
Freeletics,"freeletics subscription, revolut benefit, hiit training, ultra customers, app cancellation"
Headspace,"headspace premium, activate benefit, end revolut, subscription difficulties, metal ultra"
Headway,"headway subscription, activation link, revolut, learn cancellation, app tap"
MasterClass,"masterclass subscription, revolut app, metal ultra, future codes, access benefit"
NordVPN,"nordvpn subscription, subscription revolut, revolut issued, changes premium, metal ultra"
Perplexity,"perplexity subscription, months premium, revolut plan, ultra customers, duration metal"
Picsart,"picsart subscription, revolut benefit, pro unlock, metal ultra, app expires"
How do I access a partner benefit?,"revolut app, partner benefits, benefits tap, accessing, plan follow"
Laundryheap,"laundryheap subscription, revolut app, location credits, birmingham edinburgh, premium metal"
What happens to my partner benefits if I change my plan?,"partner benefits, benefits change, revolut plan, upgrade downgrade, changes access"
What are partner benefits?,"partner benefits, revolut, subscriptions credits, app details, lifestyle productivity"
Sleep Cycle,"sleepcycle com, revolut benefit, intelligent alarm, metal ultra, phase visualise"
The Athletic,"athletic subscription, football oli, metal ultra, revolut com, available ios"
Tinder,"tinder subscription, revolut benefit, plus premium, metal ultra, cancel day"
Turo rewards,"turo rewards, cardholders redeem, ultra plan, contact revolut, activation link"
Uber One,"uber subscription, country revolut, metal ultra, attempting activate, eligibility benefit"
WeWork,"wework subscription, revolut benefit, code booking, metal ultra, active australia"
Discounts for loyal customers,"discounts loyal, renewal discount, plan renewal, paid plan, eligible promotions"
Promotional and free trials,"downgrade promotion, trial period, revolut com, activate enrolment, plan fee"
Order a paid plan card,"revolut app, card order, paid plans, ordering new, tap add"
Metal plan,"cost metal, revolut com, plan benefits, transfer fees, everyday card"
Plus plan,"revolut plus, plan costs, benefits withdraw, month everyday, aer variable"
Premium plan,"revolut premium, plan costs, insurance exclusive, everyday protection, aer variable"
Standard plan,"revolut com, plans pricing, withdrawals month, charged exchange, enjoy standard"
Ultra plan,"ultra plan, revolut com, month fees, benefits pagehttps, cancellation insurance"
Can I reopen my closed account?,"account reactivation, revolut account, closed account, revolut closed, reopen closed"
Switching languages in the app,"language revolut, revolut app, change language, languages app, devices change"
How do I manage notifications from Revolut?,"revolut notifications, promotion notifications, deactivate marketing, settings tap, manage"
Trouble with mobile verification code,"verification code, receiving sms, apple pay, troubleshooting tips, instead unable"
Change my address,"revolut account, change address, balance external, territory jersey, required close"
Change my date of birth,"revolut app, date birth, edit profile, isn verified, documents account"
Change my name,"change revolut, verification process, personal details, 45 minutes, profile icon"
Change my phone number,"revolut app, number change, passcode selfie, personal details, tap lost"
Change or verify email address,"revolut account, verifying email, address change, tap confirmation, profile plan"
Change my Revtag,"revtag change, account reused, customers switch, profile icon, 16 characters"
Update my tax information,"tax resident, update tin, does revolut, identification number, oecd requires"
Source of funds,"funds verification, documents source, revolut com, income wealth, upload update"
Upgrade my plan,"plan upgrade, revolut app, paid plan, billing date, opt annual"
Accepted proof of address documents,"residential documents, need verify, supported bank, vodafone accepted, monzo starling"
Documents for the source of funds verification,"funds verification, documents source, freelance income, settlement signed, duration employment"
Verify my identity,"revolut app, verify identity, documents date, submission screen, centre long"
How do I provide proof of address?,"revolut app, proof address, need update, providing rental, takes hour"
I'm unable to verify my identity,"verification identity, revolut, document rejected, updating tax, app notification"
Where you can sign up for Revolut,"revolut account, uk guernsey, countries australia, 17 years, 2026 european"
What is Revolut ID?,"revolut id, single identity, passcodes biometrics, party apps, unified view"
Managing a Revolut – Kids & Teens account,"revolut kids, teens accounts, transfer ownership, close account, adding parent"
Revolut – Kids & Teens cards,"revolut kids, teens card, pin cvv, exchange atm, payment reset"
Revolut – Kids & Teens Earn,"revolut kids, set challenges, earn parent, teens app, earnings completing"
Revolut Kids & Teens Rewards,"revolut kids, kid rewards, cashback reward, teens app, usually instant"
Revolut Kids & Teens Save,"revolut kids, saving pockets, teens app, money added, tap withdraw"
Revolut – Kids & Teens payments,"revolut kids, teens payments, minimum age, currency send, tap allow"
Add money to or withdraw from Revolut Kids & Teens account,"revolut kids, add money, teens account, transfers parents, recurring allowance"
Forgotten passcode for a Kids & Teens account,"passcode revolut, teens account, app qr, reset scanning, kid forgotten"
Graduation to the main app,"migration revolut, account kids, child transfer, 16 child, graduation main"
Kids & Teens Instant Access Savings,"kid savings, instant access, revolut com, teens mobile, fscs clearbank"
Open a Revolut – Kids & Teens account,"revolut kids, open account, teens app, currency parent, finance ios"
Revolut — Kids & Teens subscription bundles,"revolut kids, bundles subscription, app benefits, teens faqshttps, picsart sleepcycle"
Request a Revolut – Kids & Teens virtual card,"revolut kids, virtual card, existing account, teens choose, limits wait"
Revolut – Kids & Teens card management,"revolut kids, control child, card apple, spending limits, withdraw money"
Revolut Kids & Teens Payment Links,"revolut kids, teens payment, payment links, receive money, tap share"
Revolut - Kids & Teens Referrals,"revolut kids, kid invite, teens referrals, referral limit, age use"
Revolut - Kids & Teens statements,"revolut kids, teens account, account statement, iban shown, guardian legal"
What if Revolut - Kids & Teens isn't available?,"revolut kids, countries regions, isn available, croatia cyprus, luxembourg malta"
Is my private information safe?,"app revolut, security confidentiality, hash personal, protect 18, marketing purposes"
When to put gambling controls in place,"help gambling, setting limits, additional support, gamcare professional, worry guilt"
How does the gambling block work?,"gambling block, payments revolut, prevent transactions, mcc classify, timeframes enabled"
A refund or chargeback was sent to my closed account,"refund chargeback, revolut account, sent closed, email merchant, transfer process"
My account was restricted or closed,"account restricted, closed account, revolut com, details reinstatement, possible reasons"
Report a fraudulent transfer,"transfer fraud, scammer freeze, app revolut, sent external, terminate card"
What does Revolut use my data for?,"revolut services, use data, birth identity, protect fraud, number email"
How long will Revolut hold my data?,"revolut hold, retention policy, customer kyc, data deletion, minimum years"
Personal data required to create a Revolut account,"revolut account, details need, verify identity, customer privacy, profile section"
Hidden balance feature,"revolut hide, balance feature, visible shake, flip phone, setting blurs"
Why haven't I received my Referrals reward?,"referrals reward, revolut account, invitee fails, campaign qualify, days process"
Referral reward smaller than expected,"referral reward, lottery receive, card app, odds cs, smaller expected"
How to complete all steps for Referrals reward,"app revolut, referrals steps, payments invitee, reward order, complete required"
How to complete 'Make purchases' step for Referrals reward,"purchases step, referrals reward, revolut business, apple pay, invitee make"
Why hasn't my referrer received their Referrals reward?,"referrals reward, referrer didn, revolut account, missed deadline, invitee contacts"
How to add money for the Referrals reward,"app revolut, referrals reward, added money, topup tap, step incomplete"
Order a physical card for Referrals reward,"physical card, invitee orders, referrals reward, apple pay, revolut business"
Referrals reward requirements,"invite revolut, friends eligible, reward requirements, referrals screen, completes step"
Conditions for the referral campaign,"revolut invitees, referral campaign, friends eligible, card apple, reward unless"
Completing the 'Make purchases' step,"payments completed, revolut com, referrals campaigns, reversal date, requirements card"
Claiming special bonus offered by Revolut promotion,"receive bonus, revolut promotion, claiming special, payments transactions, steps required"
Missing reward from an influencer or brand signup,"signup reward, revolut com, paid bonuses, difficulty receiving, influencers online"
Promotional cashback,"promotional cashback, campaigns eligibility, revolut runs, standard plus, metal ultra"
Is physical card activation necessary before the deadline?,"physical card, activation necessary, deadline order, revolut business, invite friends"
Is a physical card required for your friend's purchases?,"friend purchases, card required, revolut business, apple pay, virtual physical"
How can my friend order a physical card?,"physical card, friend order, referral deadline, apple pay, revolut business"
How to complete 'Add Money' step,"app revolut, added money, referrals reward, step incomplete, invite friends"
"My friend added money, but I still didn’t get the reward","app revolut, referrals reward, added money, friend hasn, triggered invitees"
My friend hasn’t received the card. Will I get my reward?,"purchases friend, virtual card, revolut pro, reward issues, referrals screen"
"My friend made 3 purchases, but I didn’t get the reward","friend purchases, reward issues, revolut business, incomplete app, apple pay"
"My friend ordered a card, but I didn’t get the reward. Why?","ordered card, virtual card, reward friend, revolut business, instead physical"
What are the requirements for 3 purchases?,"purchases requirements, revolut kids, virtual card, invitee, referrals screen"
What are the requirements to get a Referrals reward?,"referrals reward, revolut eligible, invite friends, teens customers, steps need"
Why did I receive a smaller reward for a Referral than you advertised in the app?,"reward referral, random rewards, card app, amounts, cs campaign"
What is Airline Miles?,"airlines miles, loyalty programs, redeem revpoints, club finnair, revolut"
Linking your airline loyalty account,"linking airline, loyalty account, revolut app, revpoints make, miles choose"
Redeeming RevPoints with Airline Miles,"redeeming revpoints, revpoints airline, miles revpoints, airline miles, ratio 100"
Difficulty using Airline Miles,"account revpoints, relink airline, deducted miles, miles airline, problem persists"
Can I cancel an airport lounge pass? ,"passes refund, cancel airport, airport lounge, revolut app, revpoints menu"
How do I purchase an airport lounge pass?,"lounge pass, revolut app, purchasing airport, guest revpoints, ultra customers"
How do I use my airport lounge pass?,"lounge pass, dragonpass use, revolut app, using airport, qr code"
I'm having difficulty with my airport lounge pass,"lounge pass, qr code, difficulty airport, trying purchase, reasons valid"
How do I donate to Ukrainian refugees?,"revolut charity, donate ukraine, ukraine red, transfer round, refugees currently"
Making a donation through Revolut,"donation revolut, recurring donations, tap spare, cancel recurring, revpoints menu"
Spare change and recurring Donations,"donations recurring, donation rounding, revolut card, round spare, revpoints menu"
Auto-renewing an eSIM data plan,"auto renews, esim data, revolut app, revpoints used, ends plan"
Can I label my eSIM for my data plan?,"label esim, sim personal, data plan, rename, secondary"
Difficulties with eSIM,"apn esim, check truphone, active plans, revolut field, revpoints menu"
Revolut data plans,"revolut esim, data plans, 1global gigs, allows activate, refund need"
Installing and activating my eSIM,"revolut esim, installing esim, activate data, app installing, sims tap"
Managing my eSIM data plan,"revolut esim, esim remove, delete sim, plan data, app revpoints"
Supported eSIM devices,"devices esim, sim supported, iphone se, 5g physical, oldest"
Mobile plan access and payment,"pay revpoints, mobile plan, payment method, purchasing secondary, esim type"
Cancelling or rescheduling a number transfer to Revolut,"revolut cancel, number transfer, cancel number, rescheduling, esim"
Cancelling your old phone plan,"stac cancel, plan app, account closure, existing phone, 30 days"
Managing a mobile plan for a lost or stolen device,"device lost, revolut com, mobile plans, esim number, securing account"
Managing a failed number transfer,"transfer failure, provider revolut, restart number, pac code, mismatched information"
Managing a number transfer to Revolut,"number transferring, revolut long, esim temporary, days switch, lose service"
Managing mobile plans and add-ons,"revolut mobile, cancelling plan, activate esim, months failed, stac"
Understanding mobile plan numbers,"number revolut, mobile plans, esim, transfer secondary, provider random"
Paying for my mobile plan,"payments revpoints, mobile plan, revolut main, using funds, monthly secondary"
Mobile plan voice support,"contact revolut, complaints voice, mobile plan, support types, request porting"
Setting up voicemail,"setting voicemail, voicemail pin, create pin, greeting changing, 121 phone"
Bring your number to Revolut mobile,"revolut transfer, number transfer, vip number, number cost, plan app"
Revolut mobile plans,"revolut prepaid, eea unlimited, plan cost, esim data, speed 4g"
Service disruptions during transfer to Revolut,"revolut transfer, interruption transfer, number replaced, imessage facetime, esim"
Mobile plan allowance and consumption,"roaming allowances, consumption check, check mobile, remaining data, revpoints menu"
Transfer your Revolut number to another provider,"number transfers, revolut mobile, pac app, expire 30, billing period"
Reporting vulnerable circumstances to Revolut,"vulnerable circumstances, revolut com, impairment financial, finances interactions, alcoholism gambling"
How to redeem RevPoints for gift cards,"revpoints redeem, revolut com, card using, auto applied, types gift"
Finding your gift cards,"revolut card, finding gift, previously redeemed, revpoints menu, following app"
Shops,"store revolut, use shops, apply revpoints, pay apple, online offer"
Can I get a VAT invoice for my Stays booking?,"vat invoices, vrbo revolut, pay bookings, chat document, including base"
How are properties sorted?,"properties sorted, guest rating, ordered expensive, price competitiveness, success commission"
Manage a Stays booking,"bookings vrbo, manage stays, revolut app, revpoints menu, cancel change"
Make a Stays booking,"booking revpoints, use revolut, make stays, property earn, pay rooms"
What does the Experiences feature offer?,"booking revolut, experiences feature, app revpoints, tours tickets, earn balance"
Purchase RevPoints in app,"purchase revpoints, recurring purchases, app pay, reset month, tap deactivate"
Redeem RevPoints,"revpoints redeem, revolut pay, transfer airline, air miles, booking stays"
How to earn RevPoints,"earning revpoints, revolut shops, earn spend, loyalty faq, transactions using"
RevPoints spare change,"revpoints spare, coffee gbp, revolut, change payments, multiplier tap"
What is the RevPoints loyalty program?,"earn revpoints, revpoints revolut, revolut loyalty, balance closing, app chat"
Personalise RevPoints,"revpoints personalisation, rewards use, revolut account, data pseudonymised, country age"
APP fraud reimbursement eligibility,"revolut account, reimbursement eligibility, app fraud, authorised push, 000 microenterprises"
Authorised Push Payment fraud reimbursement exclusions,"reimbursement exclusions, payment genuine, unions payments, authorised push, overseas account"
Authorised Push Payment fraud reimbursement requirements,"revolut scam, reimbursement requirements, push payment, fraud timeframe, checks prevent"
Authorised Push Payment fraud reimbursement,"scam authorised, authorised push, push payment, reimbursement, app"
How long will the Authorised Push Payment fraud reimbursement process take?,"fraud reimbursement, push payment, reporting time, process claim, long authorised"
Locked bootloader requirement for Android devices,"unlocked bootloader, requirement android, relock, developer options, manufacturer official"
Contacting your device manufacturer,"manufacturer support, device related, firmware technical, getting expert, bootloader restoring"
Ensuring security by using the official Revolut app,"revolut app, ensuring security, sources apps, official store, install update"
Operating system and security updates,"security updates, keeps device, weaknesses mobile, guides apple, check manufacturer"
Security risks of root access,"root access, device risk, android security, reasons revolut, does enabling"
Unofficial (custom) firmware,"firmware unofficial, platform security, replacing custom, manufacturers certified, google android"
Why is the Revolut app no longer supported on my device?,"revolut app, supported device, integrity requirements, app security, locked bootloaderhttps"
Review my information with CIFAS Marker,"cifas warning, marker disputes, revolut com, fraud prevention, organisation database"
Understanding the account review process,"account review, regulated financial, ensure compliance, reviews understand, activities temporarily"
Fraud and cybercrime reporting to national authorities,"fraud uk, cybercrime reporting, actionfraud police, report action, national centre"
Hidden accounts and transactions,"accounts hidden, revolut allows, transactions security, hide tap, asked biometric"
Someone wants to give you a lot of money?,"legitimate windfall, scammers insist, gbp 50, fees payment, unexpected email"
Strange small charges on your card?,"small charges, bin attack, penny tests, revolut app, fraud known"
Feeling pressured or threatened?,"pressured threatened, support scammers, claim arrest, payment mind, tax court"
Urgent text from a kid or friend?,"urgent text, financial transfer, gbp 200, scammers hacked, actual daughter"
Looking for a high return?,"investing verify, high return, ads scammers, highly wary, telegram whatsapp"
Paying a bill with new bank details? ,"invoice intercepted, scammers use, paying new, supplier bank, verify details"
Have you been offered money to move funds?,"stolen funds, requests scammers, fee transfer, use personal, job offer"
Received an unexpected link?,"likely scam, revolut, gbp shipping, identity messages, link login"
Buying something online?,"buying online, seller pressure, scammers lure, console sold, transaction bypass"
Met someone new online?,"romance scam, talking trusted, online feels, bombing wary, told engineer"
My phone suddenly lost signal,"phone stolen, sim pin, swaps protect, network glitch, asleep signal"
An urgent call out of the blue?,"scam occurs, urgent blue, revolut app, passcode otp, caller tools"
How can I keep my account safe from fraud?,"secure revolut, fraud suspicious, account stop, selecting card, freeze tapping"
"How to report a suspicious call, email, link, or text","revolut app, report fraudulent, scam secure, check email, calls carried"
How does Revolut keep my money safe?,"revolut safeguard, uk money, customers money, bank licence, safety features"
How does Revolut protect me against fraud?,"revolut protect, fraudsters secure, app fraud, layer security, transactions virtual"
Accessing your transaction history from your Revolut account,"revolut account, account closed, transaction history, keeping document, app tap"
What are linked wallets?,"linked wallets, revolut cards, apple wallet, wallet garmin, app tap"
What are Wealth Protection limits?,"limits revolut, wealth protection, atm withdrawals, transfers account, funds leave"
Getting started with Street Mode,"street mode, trusted location, revolut app, protection transfers, limit number"
Limits,"atm limit, withdrawal limits, withdraw atms, daily withdrawal, timeframe"
Trouble with my selfie verification for Wealth Protection,"selfie verification, revolut, wealth protection, valid expired, temporarily restrict"
Getting started with Wealth Protection,"protection revolut, mode wealth, transfer withdrawal, street mode, set biometric"
What are Revolut's safety features?,"revolut safety, card safe, unique biometrics, app account, regulations meaning"
What will happen to my funds if Revolut goes bankrupt?,"revolut keeps, savings deposited, safeguarding funds, asset accounts, bankruptcy affect"
How do I upload a document?,"identity document, upload document, tap verify, live picture, account choose"
Difficulty with selfie authentication,"difficulty selfie, verification step, revolut poor, access wasn, hat wig"
What is my tax identification number?,"tax identification, tin region, exactly number, country called, oecd websitehttps"
Confirm your personal details again,"confirming details, kyc cdd, account temporarily, identity secure, restricted asked"
Why is my incoming transfer pending?,"transfer pending, revolut speed, arrive timeframes, reasons reverted, status means"
Can I cover intermediary bank fees upfront?,"international payment, revolut com, fee guarantees, banks deduct, flat upfront"
"Add, edit, or delete a beneficiary","beneficiary add, delete beneficiary, recipient tap, iban account, tap delete"
Trusted recipients,"trusted payee, recipients means, factor authentication, subsequent transactions, contact app"
Transfer I sent arrived in a different currency ,"currency transfer, revolut example, gbp exchange, isn beneficiary, arrived different"
Why was my transfer sent via an intermediary bank?,"intermediary bank, payments revolut, transfer time, faqentrypoint, meet edt"
I received a transfer from an unknown sender,"transfer unknown, returning money, sender receive, help account, live agent"
Timeframes for transfers,"timeframes transfers, sending gbp, revolut com, faster payments, bacs business"
Bank transfer fees,"revolut fees, international transfers, send bank, inside sepa, doesn charge"
Can I receive large bank transfers into my Revolut account?,"transfers revolut, transfers limits, account maximum, receiving large, apple pay"
Can I receive my salary into my Revolut account?,"revolut account, receiving salary, transfers fees, topup method, aud cad"
Locate a bank transfer sent to my Revolut account,"transfer tracker, reaches revolut, bank meantime, timeframe, didn arrive"
Why did I receive less money?,"transfers fees, revolut doesn, receiving bank, applied exchange, charged international"
Why was the transfer to my account reverted?,"reverted transfer, revolut mobile, receiving bank, timeframe, update tax"
Supported currencies for holding,"supported currencies, hold exchange, revolut cryptocurrency, withdrawals spending, cad chf"
Switch your account to Revolut,"switch revolut, days transfer, debit payments, service account, salary pension"
What currency account details are available for me?,"details revolut, currency account, gbp local, transfers app, number swift"
What's Revolut's official name and address?,"revolut address, local gbp, swift transfers, sepa, south colonnade"
What account details should I use for incoming transfers?,"bank details, currency transfer, revolut official, use swift, bic"
How to transfer funds to Revolut,"revolut timeframes, transfer money, fees faq, transactionsrevolut app, tracker access"
Unsupported inbound bank transfers,"unsupported countries, transfers barbados, belarus cuba, mlt inr, maarten sxm"
Difficulty adding money with an easy bank transfer,"revolut account, external banks, difficulty adding, iban redirected, cause payment"
Limits for transfers to other Revolut customers,"transfer limits, revolut app, extra checks, high payment, base currency"
Block or report another Revolut customer,"remove revolut, revolut contacts, block person, customer tap, group pockets"
Group Bills,"group bills, revolut faq, tap create, manage shared, owes invite"
I sent a transfer to the wrong Revolut customer,"wrong revolut, sent money, customer transfers, cancel sent, messages recipient"
My transfer to another Revolut customer is pending,"cancelling transfer, revolut customer, recipient revtag, select pending, app transfer"
Send or request money from other Revolut customers,"revolut friend, help transactions, transfer limits, recipient tap, send request"
Revtags,"manage revtag, revolut, privacy tap, discoverable, profile icon"
My transfer to or from someone on Revolut wasn't received,"revolut support, finding transfer, recipient forgotten, tap lost, passcode phone"
I'm unable to send money to another Revolut customer,"transfers disabled, revolut customers, recipient problem, app topup, verify identity"
Transferring funds to an external card,"card transfers, app revolut, funds external, europe fees, timeframes sending"
I want to cancel my transfer to a card,"cancel transfer, app revolut, mistake sending, card duplicate, incorrect fastest"
My beneficiary has not received my card transfer,"delay transferring, funds arrive, revolut com, received card, tap help"
Which countries can I send a card transfer to?,"transfers cards, send international, supported countries, prepaid debit, menu tap"
Why has my card transfer failed or been declined?,"transfer rejected, card transfers, app revolut, closed recipient, reasons card"
Why is my card transfer still pending?,"transfer pending, revolut com, instant card, transactionsrevolut app, reviewed time"
I want to cancel a bank transfer,"cancel transfer, revolut customer, transactionsrevolut app, details changing, international swift"
Locate a bank transfer sent from Revolut,"transfer pending, revolut com, recipient banks, sentrevolut app, reverted time"
Why is my transfer to a bank account still pending?,"transfer pending, revolut com, reverted funds, 72 hours, bank track"
Why was my outbound bank transfer reverted?,"reverted transfer, bank rejected, outbound bank, sent stopped, reasons"
I can't send a transfer or create a recipient,"failed transfers, creating recipient, reasons revolut, wait verification, iban"
Can I make a local transfer in a different currency?,"international transfers, currencies local, processing time, swift fees, bank different"
Download a transfer confirmation,"transfer confirmations, revolut com, international swift, reference numbers, mt 103"
Sending money from Revolut to a bank account,"transfer revolut, sending money, countries currencies, timeframes sending, app learn"
Problem with a Direct Debit,"debit insufficient, revolut app, currency funds, dispute direct, didn trigger"
Manage Direct Debits,"debit revolut, manage direct, scheduled payments, change date, tap cancel"
Setting up a Direct Debit,"direct debits, revolut account, fees setting, tap eur, specialised support"
Sending and requesting money with a payment link,"link revolut, link payment, payments request, money sender, limits sending"
Why did my recipient receive less money?,"revolut fees, transfers different, reasons recipient, transactionsrevolut app, app sending"
I was asked for additional information about my transaction,"transaction verification, identity submit, asked additional, compliance need, financial practices"
Unsupported transfers sent from Revolut,"unsupported countries, international transfers, revolut, currencies afn, angola antarctica"
More help with sending money via a payment link,"link payment, transfer fraud, transaction cancelled, isn revolut, tap cancel"
Revolut.me link,"link revolut, revolut limits, card payments, limits receive, tap create"
Insufficient funds for scheduled transfer,"transfer fail, pocket transfer, insufficient funds, currency account, assigned pocket"
Setting up scheduled payments to another Revolut customer,"payments revolut, scheduled transfers, tap send, setting scheduled, qr"
Can I transfer money to or from Russia or Belarus?,"belarus revolut, transfers russia, revolut does, russia belarus, currently support"
Can I transfer money to Ukraine?,"transfers ukraine, regions crimea, kherson luhansk, fees faq, learn bank"
Supported currencies for outgoing transfers,"supported currencies, transfers mauritius, barbados curaçao, maarten chf, philippines vietnam"
Benefits and risks of trading crypto ETNs,"etn risk, investment risky, investing crypto, benefits trading, terms revolut_trading_ltd"
Get started with crypto ETNs,"crypto etns, shares isa, classification revolut, exchange accessed, high risk"
Get started with non-crypto ETPs,"etps access, etcs crypto, complex exchange, assess investments, appropriateness test"
What does it mean to be a high-net-worth investor?,"high net, investor restricted, crypto etns, certify qualify, client classification"
What does it mean to be a restricted investor?,"restricted investor, high risk, etns required, cryptoassets bitcoin, definitions net"
Leveraged and inverse ETPs,"leveraged etps, etp inverse, short term, day inverse, intended primarily"
What is a crypto ETN?,"crypto etn, cryptoasset investors, difference cryptoassets, investor protection, fscs investment"
Get started with ETCs,"commodities etcs, investment account, counterparty risk, backed means, different types"
Get started with ETNs,"invest etn, traded notes, issuer means, credit risk, classes difficult"
What is an Exchange-Traded Product (ETP)?,"etp type, exchange traded, investments etfs, underlying asset, considered complex"
Exceeding my ISA allowance,"exceeding isa, isa allowance, hmrc, finance lifetime, revolut stocks"
Investing with the Stocks and Shares ISA,"shares isa, invest revolut, funds etfs, contributions stocks, current account"
Stocks and Shares Individual Savings Account (ISA),"shares isa, revolut stocks, tax efficient, time flexible, old uk"
Stocks and Shares ISA rules,"shares isa, contribution limits, revolut time, innovative finance, exempt uk"
Stocks and Shares ISA transfers,"isa transfers, transfers stocks, revolut stocks, fees stocks, initiate outbound"
What are the Stocks and Shares ISA fees?,"isa fees, revolut read, plan allowance, maintaining stocks, commission"
What happens to my Stocks and Shares ISA if I move abroad?,"isa abroad, revolut com, verify address, hmrc documentation, open stocks"
Trading Terminal,"trading terminal, revolut invest, does web, access accounts, app security"
Crypto collections,"crypto collections, revolut app, minimum investment, defi related, usage fee"
Accessing Revolut X,"revolut passcode, revolut provides, 2fa, phone accessing, confirming time"
Revolut X top-ups and withdrawals,"withdraw revolut, gbp using, deposits external, app crypto, sending receiving"
Get started with Revolut X,"using revolut, legal crypto, platform start, id identity, 18 years"
What types of orders can I create on Revolut X?,"revolut order, orders create, sell cancelling, trading, select type"
About crypto unified balance,"balance revolut, crypto balance, crypto unified, withdrawing crypto, migration date"
Revolut X fees,"revolut fees, currency xrp, exchange withdraw, trading rules, xtz algo"
Failed orders in Revolut X,"failed orders, exchange limit, insufficient funds, revolut common, reasons"
Why can't I trade in Revolut X?,"revolut insufficient, trading rules, buying crypto, available asset, happens maintenance"
Why is part of my Revolut X portfolio balance unavailable?,"revolut order, locked balances, portfolio balance, order pending, cancel limit"
Issues with Take Profit or Stop Loss orders,"loss orders, price fluctuate, crypto range, cancelled couldn, range pause"
Take Profit and Stop Loss orders,"loss orders, profit stop, trading fees, revolut com, triggered changed"
Setting up a virtual crypto card,"pay crypto, virtual card, virtual crypto, apple pay, revolut business"
"Crypto payment fees, rates, and limits","exchange limits, crypto payment, revolut uses, atm withdrawal, usage fees"
Crypto payments and how they work,"payment crypto, revolut deduct, transaction declined, cash accounts, setting virtual"
View your crypto card payments,"crypto payments, revolut card, view crypto, transactions list, tap generate"
How does crypto staking work?,"apy staking, token rewards, work blockchains, lockup period, cosmos atom"
Is there a fee associated with crypto staking?,"fees staking, validator fee, revolut doesn, deducted chain, apy"
Stake and unstake crypto,"staking revolut, app crypto, tokens lock, tap unstake, help centre"
Calculation of crypto tiered pricing,"crypto tiered, pricing calculate, sell usdt, revolut com, gmt counts"
Tier progression and account changes,"tier shift, progression account, revolut crypto, volume transactions, exchange fees"
Trading with crypto tiered pricing,"crypto tiered, fees trading, revolut com, volume benefit, app faq"
How to make sure crypto withdrawals are processed smoothly,"crypto withdrawals, genuine transfers, revolut designed, making sure, cancelled impact"
How to ensure my crypto is transferred successfully?,"revolut deposit, ensure crypto, genuine transfers, withdrawal trigger, completed minute"
Crypto notifications,"volatility notification, crypto notifications, widget rates, revolut app, crypto price"
Crypto recurring buy,"recurring buy, btc monthly, crypto purchases, deactivate crypto, transaction cancelled"
Crypto rates and spread,"crypto rates, volatility buying, vwap averages, higher bid, called spread"
Fees for trading crypto,"crypto fee, pricing structure, exchanging stablecoins, trades specific, tiered"
Crypto limit order,"limit orders, app crypto, trading usd, revolut, executed price"
What is a crypto market order?,"market order, crypto market, select crypto, place market, generally means"
Crypto stop order,"crypto stop, orders example, price usd, revolut mobile, select cancel"
Crypto Learn,"crypto learn, cryptocurrencies access, app education, available countries, discover scroll"
How does converting cryptocurrency to fiat currency work?,"revolut convert, cryptocurrency fiat, convert cryptocurrency, transaction updated, stop order"
Crypto delisting,"crypto delisting, affected token, value falls, revolut com, possible reasons"
Crypto account onboarding requirements,"onboarded crypto, trading account, www revolut, investor categorisation, requirements regulatory"
Other crypto token information,"added tokens, crypto menu, app crypto, add widget, information view"
Revolut crypto features and products,"revolut crypto, features crypto, external wallets, trading sending, features products"
Can I set target prices for exchanging cryptocurrency?,"exchange crypto, limit orders, market order, limit stop, target prices"
Receive (deposit) crypto from an external address,"crypto deposit, revolut does, external address, used withdrawals, tap receive"
Return or manage crypto deposits,"crypto deposit, returning deposit, revolut accept, exchanges unsupported, revert process"
Failed crypto deposits,"deposit failed, blockchain rejects, crypto deposits, transaction happen, state blockchain"
Addresses supported for withdrawing and reverting crypto deposits,"crypto withdraw, revolut address, address types, usdt tron, unsupported reverting"
Can't see my deposit in-app,"revolut app, cryptocurrencies depositing, deposit incorrect, wallet addresses, doesn support"
Pending crypto deposits,"crypto deposited, pending reason, revolut com, tron network, minimum threshold"
"Supported crypto deposit currencies, networks, and exchanges","supported exchanges, crypto deposit, external wallet, ethereum network, view tokens"
Do I have an individual cryptocurrency wallet?,"individual cryptocurrency, revolut app, cold wallets, stored, repository virtual"
Add a new wallet to withdraw crypto,"wallet revolut, wallet adding, crypto add, token tap, evm"
Crypto withdrawal fees,"withdrawal fees, cryptocurrency revolut, network cost, ada gbp, validators process"
Crypto withdrawal limits,"crypto withdrawals, withdrawal limits, limits daily, time transact, protect account"
Cryptocurrencies and networks available for withdrawals,"networks btc, withdrawals support, usdt ethereum, available tokens, external wallet"
Send (withdraw) crypto to an external address,"crypto withdrawal, crypto external, wallet exchange, chain transaction, sending external"
Pending crypto withdrawals,"crypto withdrawals, pending transaction, blockchain scanner, screen status, network time"
Failed crypto withdrawals,"withdrawal failed, crypto address, revolut determines, likely scam, unblock"
Cryptocurrency networks,"networks cryptocurrency, usdt transferred, usdc network, fees different, supported multiple"
Buy and sell crypto,"crypto revolut, exchanges buy, purchase groups, maximum limit, polygon solana"
Crypto basics,"basics cryptocurrency, digital assets, security centralised, revolut appoints, unregulated meaning"
Is my crypto safe with Revolut?,"revolut crypto, crypto safety, assets stored, unsure investing, true faq"
Who provides Revolut's crypto services?,"revolut crypto, uk electronic, services provided, safe faq, terrorist financing"
Taxes on crypto,"taxes crypto, calculate profit, understanding revolut, statements app, learn koinly"
Koinly crypto tax reports,"koinly crypto, revolut customer, countries register, tax reports, 250 transactions"
Why do I need to name the wallet owner for withdrawals?,"revolut virtual, owner withdrawals, recipient information, vasp needs, fatf travel"
Crypto private keys and exposure on the blockchain,"exposure crypto, revolut private, private key, view blockchain, internal"
Crypto spare change,"cryptocurrency spare, revolut card, change buy, exchange fees, rounding rules"
What exchange rates does Revolut offer?,"revolut fees, exchange rates, exchange app, making transfer, determined based"
Currency exchange fees and limits,"exchange limits, weekends currency, usage fees, cryptocurrency commodity, called fair"
How do I exchange money?,"exchange money, revolut account, tap choose, revert make, details fees"
Currency exchange orders,"currencies orders, sell eur, revolut app, cryptocurrencies automatically, limit stop"
"I just made an exchange, but I can't find my money","activate currency, exchange funds, recently exchange, account inactive, tap accounts"
Why might my currency order fail or not execute?,"orders fail, transaction limit, currency account, low balances, execution unlocked"
Open and manage additional currency accounts,"transfer revolut, currency accounts, manage additional, unsupported countries, balance tap"
Investor related tax information,"revolut required, tax residency, fatca reporting, dividend income, tin unique"
How does the commission-free allowance work?,"revolut trading, trade deducted, allowance limit, does commission, plan wealth"
Trading orders routing,"orders routing, revolut com, rtl terms, broker final, process works"
What are trading regulatory fees and taxes?,"trading fees, sec financial, purchasing uk, tax sdrt, regulatory authority"
Buying or selling commodities,"exchange commodities, currencies buy, fiat crypto, revolut com, stocksrevolut app"
"Commodities prices, rates, and fees","commodities fees, variable exchange, currencies help, revolut app, sell rate"
Commodities supported features,"revolut features, commodities supported, precious metals, cashback spare, bars information"
Which precious metals are supported?,"precious metals, invest gold, platinum xpt, supported currently, xau"
Start with Revolut Ramp,"start revolut, ramp revolut, cryptocurrency external, ramp countries, risks trading"
How can I get a full statement of my Ramp transaction?,"ramp transactions, revolut card, completed trade, app seen, review statement"
Pay with Revolut Ramp,"using revolut, payment takes, transactions listhttps, ramp ramp, video verify"
What are the fees for Revolut Ramp?,"fees revolut, ramp use, payment method, starting screen, websites breakdown"
I sent crypto to an incorrect wallet address. What can I do?,"wallet address, crypto incorrect, crypto payments, payments irreversible, review carefully"
I was charged extra by my bank for a Ramp payment. Why?,"transaction fees, currency different, buy crypto, bank ramp, using uk"
My Ramp payment failed. What should I do?,"payment failed, ramp payment, revolut account, check 3ds, failed solutions"
My Ramp transaction is completed but I didn't receive the funds,"completed transaction, revolut ramp, didn receive, crypto wallet, case failed"
My Ramp payment was completed but I didn’t receive the crypto. What should I do?,"sent crypto, track transaction, didn receive, revolut ramp, incorrect address"
Revolut Ramp supported currencies and limits,"supported currencies, revolut transactions, revolut ramp, limits selling, polygon tron"
Why did I receive less crypto than I paid for?,"receive crypto, transactions revolut, revolut ramp, confirmation screen, exchange rate"
Why was I charged more than I was shown?,"fees displayed, charged extra, revolut communicates, payment confirmation, crypto getting"
Advantages of investing in bonds,"investing bonds, hedging benefits, non complex, rtl risk, payments guaranteed"
Get started with Bonds,"borrower bonds, revolut app, investors receive, periodic coupon, income instrument"
Bonds fees,"fees bonds, charged trade, revolut com, trades commission, rtl risk"
Bonds terms and definitions,"bonds terms, price yield, revolut com, maturity callable, dirty price"
Bond credit ratings,"rated bonds, fitch aaa, understand risk, does revolut, access definitions"
Buy bonds in the Revolut app,"dst trading, hours bonds, bonds revolut, gbp smallest, uae public"
Buying a corporate bond vs buying stock in the same company,"buying stock, corporate bond, company difference, revolut com, rtl risk"
Bond name interpretation in the Revolut app,"bond interpretation, issuer bnp, maturity date, revolut app, coupon rate"
How does Revolut process corporate actions?,"corporate actions, revolut process, shares reverse, event dividends, know types"
Dividends,"taxes dividends, revolut com, reinvestment, generally withholding, trading days"
Merger or acquisition of a company whose shares I own,"affected mergers, company purchases, shares replaced, stock portfolio, fluctuate period"
Stock delisting,"trading delisting, liquidation position, stock remain, otc isn, app automatic"
Stock split,"stock split, declares reverse, position security, increases number, corporate events"
Trading customer support,"revolut doesn, advice trading, support contact, transaction requests, chat types"
Which Revolut Trading entity is providing me services?,"revolut trading, stocksrevolut app, services investhttps, entity providing, page review"
Financial ratios for company analysis,"eps earnings, company analysis, roe measures, cf ratio, capitalisation value"
Market analysis,"analysis technical, analysts investment, influence stock, trends fundamental, examining company"
OTC stocks,"trading otc, reasons stock, restricted selling, stocks riskier, smaller companies"
Stock basics,"stock basics, stockbroker licensed, dividends units, ownership determined, revolut app"
Stock markets,"bear market, bullish vs, markets exchanges, shares especially, secondary"
What is a fractional share?,"fractional shares, share means, invest company, means buying, cost usd1"
What is a trading halt?,"trading halt, reasons trading, sec revolut, stock exchange, 10 days"
How do I update my trading account details?,"revolut app, trading account, update details, address app, number nationality"
Why are you asking me for documents to open or continue using Revolut trading?,"asking documents, revolut trading, need necessary, regulatory reasons, close permanently"
Understanding our onboarding question about affiliations,"affiliated publicly, investment firm, revolut ask, understanding onboarding, doesn mean"
Close my investment account,"close investment, account closure, account revolut, brokerage account, selling assets"
Reasons an investment account may be closed,"account closure, revolut trading, reasons investment, suspend, rtl terms"
How is the portfolio value calculated?,"portfolio value, calculated total, app indicative, securities plus, investments period"
Overview of Revolut Trading Ltd's omnibus account ,"omnibus account, structure revolut, fscs protection, contractual relationships, model market"
Trading watchlist and price alerts,"trading watchlist, stocksrevolut app, revolut app, set price, alert delete"
"Trading account information, statements and reports","investments statement, revolut trading, account information, reports access, losses specified"
Trade confirmation statements,"trade confirmation, stocksrevolut app, revolut com, statements investhttps, end day"
Fund my investment account,"revolut currency, add funds, exchanging foreign, stocksrevolut app, trading fees"
Using your credit card or a personal loan to trade stocks,"loans invest, using credit, investing disposable, trade stocks, card personal"
How to withdraw funds from my investment account,"revolut account, withdraw usd, trading proceeds, reinvest, days eu"
Open an investment account,"revolut eligibility, investment account, started trading, need open, 18 years"
Can I transfer my account from another broker?,"broker transfer, revolut investment, registration drs, account ways, acat"
Why does Revolut need my national identifier?,"revolut need, national identifier, non eea, rijksregisternummer bulgaria, regulatory reporting"
What information do I need to provide to onboard to trading?,"account revolut, requirements national, incorrect tin, identifier tax, nin faq"
What is an execution-only service?,"execution service, execution trades, restricted execution, trading, service restricted"
What is a Special Purpose Acquisition Company (SPAC)?,"company spac, acquisition process, capital purpose, listed stock, cheque shell"
American depositary receipts (ADRs) and pass-through fees,"stock adrs, depositary receipts, pass fees, deducted dividend, company dtc"
Products available to trade,"adrs trade, 000 stocks, etp type, reits allow, spac companies"
Can I have a trading account if I’m a US Person?,"revolut trading, trading entity, account person, individuals international, citizen resident"
Who is Revolut Trading Ltd authorised by?,"authorised revolut, revolut trading, investment firm, regulated financial, conduct authority"
What are non-tradable securities?,"tradable securities, brokers aren, account closed, term non, rtl terms"
Do I own my stocks?,"owner stock, broker hold, revolut protected, refer faq, behalf nonetheless"
How are my investments with Revolut protected?,"revolut protected, assets cass, fscs pay, shortfall money, claim compensation"
How are the funds in my investment account protected?,"safeguarded revolut, trading account, money regulations, compensation scheme, fscs information"
What does capital at risk mean?,"capital risk, revolut app, trading instruments, fall initial, ability bear"
Buy order block,"block revolut, disabling buy, buy orders, investment account, 48 hours"
Pending trading orders,"pending trading, revolut app, order execution, cancel select, outside market"
Close a stock position,"close stock, revolut account, money trading, withdrawal process, units xyz"
How to place a stock order,"stocks order, revolut app, app trading, settle learn, type tap"
Can I use leverage to trade?,"leverage trading, trading margin, margin allows, buy stocks, broker small"
What is a GTC Order and how does it work?,"gtc order, good till, cancelled create, setting expiration, sell shares"
Trading limit orders,"limit orders, trading usd, fractional shares, revolut app, doesn drop"
What is a stop order?,"order stop, order market, price falls, trading share, revolut app"
Trading order types,"market orders, regular trading, buy limit, types currently, learn stop"
Top Movers,"price changes, gmt market, stocks largest, horizons percentage, default time"
Security prices,"security prices, prices change, rate displayed, app indicative, minute second"
What are Revolut's trading fees?,"trading fees, revolut com, number commission, rolling monthly, adr pass"
Trading value limits,"trading limits, buy orders, value minimum, shares value, currency eur"
Why is my stock on 'sell only'?,"reasons stock, allowing sell, impending delisting, sanctions corporate, category usually"
Orders submitted during extended hours trading,"limit orders, extended trading, trading hours, revolut app, cancellation extended"
Extended hours trading risks,"trading extended, volatility cause, rtl risk, order basis, normal spreads"
How extended hours trading works,"hours trading, pre market, include extended, order execution, expiry date"
What is a trading day?,"trading days, time utc, ends 00pm, european listed, typically starts"
Trading hours,"trading hours, securities orders, time executed, days european, revolut com"
What are the fees for Trading Pro?,"trading pro, subscription fee, revolut com, 30 day, legal rtl"
What is Trading Pro?,"trading pro, commission fee, revolut plans, benefits discounted, legal rtl"
